,z,y,x,intensity,volume
0,   0.3,24.867, 6.399,286311,0.0419904
1,0.311111,28.404, 9.648,286982,0.0472392
2,0.333333,28.566, 2.673,217775,0.0314928
3, 0.375,30.4965,12.798,241823,0.0419904
4,0.355556,  30.6,16.002,273594,0.0472392
5,0.342857,35.1771,14.9734,259617,0.0367416
6,0.333333,37.989,13.392,134975,0.0314928
7,0.333333,42.336,29.565,210134,0.0314928
8,0.327273,49.5131,37.1275,346860,0.0577368
9,0.333333,51.228, 43.38,280095,0.0472392
10,0.333333,52.704,25.353,233375,0.0314928
11,  0.32,52.9416,42.201,313667,0.052488
12,0.377778,53.604,36.756,226795,0.0472392
13,  0.55,25.1505,5.7105,135100,0.0209952
14,   0.5,25.677, 3.645,257863,0.0419904
15,  0.48,26.7624,10.611,305622,0.052488
16,   0.5,26.973, 9.153,227821,0.0419904
17,   0.4,27.216,9.9225,108443,0.0209952
18,0.490909,29.8227,0.559636,293868,0.0577368
19,   0.5,30.375, 7.857,239537,0.0419904
20,   0.5,30.375, 9.153,271806,0.0419904
21,  0.52,31.023,5.5404,220731,0.052488
22,0.488889,  31.5,11.448,267564,0.0472392
23,   0.5,32.643, 2.673,238173,0.0419904
24,  0.52,33.6636,19.197,236945,0.052488
25,  0.48,35.0406,11.6154,280690,0.052488
26,   0.5,34.911,16.767,330103,0.0419904
27,  0.48,35.5104,19.197,335949,0.052488
28,   0.5,36.045,14.985,245863,0.0419904
29,   0.5,37.989,12.717,193046,0.0419904
30,0.488889,38.952, 17.28,225817,0.0472392
31,   0.5,40.257,21.141,253614,0.0419904
32,   0.5,40.743,14.337,254194,0.0419904
33,   0.4,40.824,26.487,137642,0.0314928
34,0.488889,41.544,16.794,269239,0.0472392
35,   0.5,41.715,17.901,265259,0.0419904
36,0.514286,42.3746,18.3986,148229,0.0367416
37,   0.5,43.335,12.231,278323,0.0419904
38,   0.5,43.821,17.253,215005,0.0419904
39,0.533333,44.6715,29.0385,321340,0.0629856
40,0.488889,45.108,36.072,275194,0.0472392
41,   0.5,45.279,23.085,341779,0.0419904
42,0.511111,45.936,33.588,297457,0.0472392
43,   0.5,47.547,25.677,259850,0.0419904
44,   0.5, 47.52,26.352,152849,0.0314928
45,0.488889,49.644, 34.29,300628,0.0472392
46,   0.5,50.625,32.319,276147,0.0419904
47,0.514286,50.7754,24.8554,260059,0.0367416
48,0.511111,51.462,24.534,278400,0.0472392
49,   0.5,51.759,44.631,205204,0.0419904
50,   0.4,52.083,30.537,138431,0.0209952
51,0.511111,52.434,32.148,237695,0.0472392
52,  0.48,52.6824,27.135,264111,0.052488
53,   0.5,52.569,32.967,320851,0.0419904
54,   0.4,54.594,30.537,193897,0.0419904
55,  0.48,55.6146,44.6634,346604,0.052488
56,0.466667,56.619, 39.42,230652,0.0314928
57,0.472727,57.3775,45.7871,302306,0.0577368
58,   0.7,23.895, 6.561,245811,0.0419904
59,   0.6,24.2838, 4.698,364899,0.052488
60,0.672727,24.6535,7.34891,255862,0.0577368
61,0.657143,26.4754,3.10114,207316,0.0367416
62,   0.7,26.811, 3.645,238696,0.0419904
63,   0.7,26.973, 5.589,228778,0.0419904
64,   0.7,27.621, 1.539,240033,0.0419904
65,0.666667,29.079, 2.484,184324,0.0314928
66,0.685714,29.7386,5.73943,211164,0.0367416
67,  0.68,31.347,7.2576,330206,0.052488
68,   0.6,32.967, 1.701,145668,0.0209952
69,   0.6,32.967,19.116,175826,0.0314928
70,   0.6,34.344, 9.801,177036,0.0314928
71,  0.68,34.7004,21.951,321612,0.052488
72,   0.7,34.749, 8.991,292519,0.0419904
73,   0.7,36.207,18.063,175380,0.0419904
74,  0.68,36.531,4.9896,263295,0.052488
75,  0.65,36.9765,18.6705,119323,0.0209952
76,  0.64,37.1952,3.9852,128609,0.026244
77,   0.7,37.503, 3.321,270991,0.0419904
78,   0.6,38.475,26.325,108632,0.0209952
79,  0.68,40.2084,22.599,265163,0.052488
80,   0.7,40.257, 5.751,233818,0.0419904
81,  0.68,40.6944,27.459,225872,0.052488
82,0.644444,41.652,11.538,194227,0.0472392
83, 0.775,41.796,6.37875,247380,0.0419904
84,   0.7,42.687,30.213,249135,0.0419904
85,0.688889,43.488, 31.05,305610,0.0472392
86, 0.625,43.902,16.0785,201645,0.0419904
87,  0.66,44.4042,23.5386,314788,0.052488
88,  0.64,44.8092,24.5268,127340,0.026244
89,0.666667,45.216,15.138,285893,0.0472392
90,  0.64,45.6192,12.3768,189004,0.026244
91,   0.7,46.575,31.671,196634,0.0419904
92,  0.68,47.3364,27.621,351192,0.052488
93,  0.66,47.6766,37.4868,260920,0.052488
94,   0.7,48.519,41.067,306397,0.0419904
95,   0.7,49.167,38.637,258300,0.0419904
96,   0.7,50.463,34.263,201557,0.0419904
97,0.622222,51.606,23.328,277255,0.0472392
98,  0.68,51.7266,31.0554,349622,0.052488
99,0.666667,55.485,45.927,276822,0.0629856
100,0.685714,55.6586,43.3234,200706,0.0367416
101,   0.8,25.677, 5.589,182340,0.0209952
102,  0.85,25.6365,6.5205,109279,0.0209952
103,   0.8,26.3088,1.4904,145972,0.026244
104,0.866667,26.973, 1.026,218009,0.0314928
105,   0.8, 29.97, 6.399,210729,0.0314928
106,   0.8,30.537, 8.667,171897,0.0209952
107,  0.95,31.914, 2.511,220684,0.0419904
108,0.872727,34.2556,10.7509,288000,0.0577368
109,0.955556, 34.56, 1.674,238489,0.0472392
110,   0.9,35.559,10.773,258021,0.0419904
111,  0.88,36.207,21.9996,289043,0.052488
112,   0.8,36.3083,23.4698,277244,0.0419904
113,   0.8, 36.45,3.93429,222867,0.0367416
114, 0.975,36.7133,10.0642,234034,0.0419904
115,  0.88,37.0008,0.9882,319400,0.052488
116,0.971429,36.936,21.3146,254260,0.0367416
117,   0.8,37.278, 16.47,209735,0.0472392
118,  0.96,37.3248,20.3472,177272,0.026244
119,0.828571,37.422,23.8834,290778,0.0367416
120,0.885714,37.5146,19.2086,259198,0.0367416
121,   0.8,38.502,  2.61,262345,0.0472392
122,   0.8,38.7585, 4.374,116340,0.0209952
123,  0.88,38.8476,20.007,313273,0.052488
124,   0.8,39.0744,21.627,314058,0.052488
125,   0.8,39.0883,23.652,194621,0.0367416
126,0.888889, 39.42, 3.978,306218,0.0472392
127,   0.8,40.4798,9.25425,142324,0.0419904
128, 0.875,40.5607,23.5508,263958,0.0419904
129,  0.92,41.0184,24.381,272075,0.052488
130,  0.92,43.9344,33.1128,149494,0.026244
131,0.966667,44.118,24.435,239217,0.0314928
132,   0.8,44.226,32.2843,242269,0.0367416
133,     1,44.6148,16.0542,279343,0.052488
134,  0.88,44.793,31.2336,258848,0.052488
135, 0.825,47.466,38.5965,275064,0.0419904
136,0.866667,47.8305,18.9135,333019,0.0629856
137,  0.88,48.3084,16.929,405223,0.052488
138,0.872727,48.3349,26.4355,333752,0.0577368
139,0.866667,49.005,39.312,185640,0.0314928
140,0.963636,49.4247,42.6649,309009,0.0577368
141,  0.88,50.2524,35.883,299717,0.052488
142,   0.8,50.301,43.092,172873,0.0314928
143,0.888889,50.652, 44.64,273752,0.0472392
144,   0.8,52.569,26.163,140153,0.0209952
145,0.854545,52.6795,45.8755,281090,0.0577368
146,  0.84,53.3142,43.0596,332669,0.052488
147,   0.8,55.161,43.821,180430,0.0209952
148,   0.9,56.133,39.933,305497,0.0419904
149,   0.8,56.7972,40.1436,189284,0.026244
150, 0.825,57.3075, 38.88,252781,0.0419904
151,0.822222,57.816,41.814,240423,0.0472392
152,   0.8,58.239,43.173,205024,0.0209952
153,  1.16,24.5268,5.4432,126009,0.026244
154,     1,26.325, 6.642,187870,0.0314928
155,1.07273,29.5429,13.7405,222536,0.0577368
156,  1.12,31.4604,17.577,317827,0.052488
157,1.14286,35.5243,22.2403,191222,0.0367416
158,   1.1,35.721, 9.963,267821,0.0419904
159,1.04444,36.576, 2.088,218372,0.0472392
160,1.04444,37.926,10.728,273870,0.0472392
161,     1, 38.07,12.231,184084,0.0314928
162,     1,37.989,20.007,181858,0.0209952
163,     1,37.989,26.163,142333,0.0209952
164,1.11429,38.1394,22.4486,274834,0.0367416
165,   1.1,38.637, 3.645,229228,0.0419904
166,1.13333, 39.06, 9.972,224448,0.0472392
167,     1,39.339,24.489,162565,0.0314928
168,     1,40.041,24.273,216087,0.0314928
169,     1,40.6418,26.3858,283484,0.0419904
170,     1,40.851,14.121,201121,0.0314928
171, 1.175, 42.12,32.0355,283774,0.0419904
172,   1.1,42.687, 9.639,232586,0.0419904
173,1.13333,42.984,31.995,217469,0.0314928
174,     1,44.0177,12.636,189904,0.0367416
175,     1,44.307,25.677,276903,0.0419904
176,     1,45.1517,14.418,221782,0.0367416
177,  1.12,45.8784,28.431,288737,0.052488
178,     1,46.089,12.393,153877,0.0209952
179,  1.12,47.061,14.1588,286715,0.052488
180,  1.12,49.7664,19.521,287480,0.052488
181,     1,50.625,33.048,237603,0.0314928
182,  1.05,51.1313,43.5577,235484,0.0419904
183,   1.1,51.435,45.927,232384,0.0419904
184,     1, 51.84,36.693,253324,0.0314928
185,     1,53.964, 45.63,303579,0.0472392
186,1.17143,54.594,49.3174,160824,0.0367416
187,     1,55.323,30.942,207018,0.0314928
188,1.13333,56.0115,49.0455,341566,0.0629856
189,   1.2,15.876,55.404,7734,0.0052488
190,   1.3,22.761, 4.779,175015,0.0419904
191,   1.2,23.976, 4.779,74743,0.0104976
192,1.31111, 27.63, 1.512,324942,0.0472392
193,   1.3,29.403, 6.885,206043,0.0419904
194,   1.2,31.023, 8.829,149776,0.0209952
195,   1.2,32.076, 1.701,203590,0.0314928
196,   1.2, 32.67, 1.998,104660,0.0157464
197,   1.2,32.967, 1.296,197762,0.0314928
198,   1.2,34.425, 9.153,141822,0.0209952
199,   1.3,35.397,23.409,219800,0.0419904
200,   1.2,36.693,18.711,136452,0.0209952
201,   1.3,37.341, 7.857,212855,0.0419904
202,1.31111,38.016,21.618,248794,0.0472392
203,   1.3,38.799,10.773,278042,0.0419904
204,   1.2,38.799,12.717,79961,0.0209952
205,   1.3,40.095,21.141,247829,0.0419904
206,   1.2,40.581,22.194,172227,0.0314928
207,   1.3,43.659, 9.639,261522,0.0419904
208,1.33333,44.631,32.832,253225,0.0314928
209,  1.25, 46.17,38.475,201783,0.0419904
210,   1.2,46.332,13.284,22281,0.0052488
211,   1.3,46.575,31.023,313968,0.0419904
212,   1.3,46.899,27.945,285112,0.0419904
213,   1.3,47.385,40.257,263755,0.0419904
214,  1.28,51.0624,36.693,270089,0.052488
215,   1.3,51.273,21.546,98684,0.0209952
216,   1.3,52.569,33.453,245768,0.0419904
217,   1.3,53.703,47.061,243201,0.0419904
218,   1.3,55.809,47.223,259695,0.0419904
219,   1.3,56.295,32.805,247880,0.0419904
220,   1.3,56.943,41.067,244324,0.0419904
221,   1.3,56.943,47.547,224390,0.0419904
222,   1.2,57.645,39.663,187563,0.0314928
223,1.25714,57.5794,43.6011,156608,0.0367416
224,   1.3,57.753,40.581,224585,0.0419904
225,  1.35,58.1175,42.6262,238845,0.0419904
226,  1.44,23.7492,4.4388,195278,0.026244
227,  1.48,24.8184, 6.561,335817,0.052488
228,   1.5,31.023, 7.209,248279,0.0419904
229,1.43333, 34.83,22.356,145400,0.0314928
230,   1.4,37.341,23.733,138207,0.0209952
231,1.45714,37.4683,26.2903,247183,0.0367416
232,   1.5,37.503, 0.891,264537,0.0419904
233,   1.4,43.335, 8.586,176792,0.0314928
234, 1.475,43.335,33.0075,288318,0.0419904
235,  1.48,43.497,34.7652,273111,0.052488
236,   1.5,46.899,13.365,239599,0.0419904
237,   1.5,48.033,37.503,255117,0.0419904
238,1.46667, 48.06,42.201,170412,0.0314928
239,  1.48,51.7266,33.6474,273590,0.052488
240,  1.45,53.055,40.824,256896,0.0419904
241,1.51111,53.874,41.364,290739,0.0472392
242,   1.5,54.027,26.811,325746,0.0419904
243,1.48333,54.891,48.438,263474,0.0629856
244,   1.5,55.323,51.597,244459,0.0419904
245,   1.5,55.647,50.787,289307,0.0419904
246,  1.68,26.163,10.0116,327626,0.052488
247,  1.62,28.6254,4.3578,232264,0.052488
248,   1.6,30.861, 8.019,145223,0.0209952
249,1.64444, 40.23, 4.698,311734,0.0472392
250,1.72727,40.0729,18.0556,292818,0.0577368
251,1.66667,41.0265,14.7015,383480,0.0629856
252,  1.68,42.849,10.1736,301846,0.052488
253,1.68571,43.9714,36.3574,219608,0.0367416
254,1.68889,44.424,37.062,248857,0.0472392
255,1.68571,44.9666,34.9226,184030,0.0367416
256,  1.72,45.441,21.4164,224701,0.052488
257,  1.66,45.7974,12.4902,272694,0.052488
258,1.68571,47.5586,40.7314,236489,0.0367416
259,   1.7,48.357,43.011,253724,0.0419904
260,   1.6,50.625,20.655,158367,0.0209952
261,  1.75,51.6172,22.0725,255487,0.0419904
262,1.66667,54.702,28.107,195359,0.0314928
263,   1.6,57.105,49.248,228815,0.0314928
264,1.75556,58.572, 47.16,341777,0.0472392
265, 1.775,58.7452,41.472,297935,0.0419904
266,1.96667,23.058, 2.565,174410,0.0314928
267,   1.9,23.895, 2.511,266314,0.0419904
268,1.91429,24.0454,6.22543,239622,0.0367416
269,1.94545,27.6136,11.6787,347862,0.0577368
270,   1.8,35.154,9.83571,203868,0.0367416
271,   1.8,35.964,24.543,254843,0.0314928
272,1.91111,36.396, 0.558,270360,0.0472392
273,   1.8,37.503, 8.019,108120,0.0209952
274,   1.8,38.961,10.611,156693,0.0209952
275,   1.8,40.824,31.185,258057,0.0314928
276,  1.92,41.229,25.4664,347199,0.052488
277,1.93333,42.048, 33.12,222141,0.0472392
278,   1.8,42.525, 9.072,214852,0.0314928
279,  1.85,44.0843,35.5388,281716,0.0419904
280,1.85714,44.8509,36.2186,261861,0.0367416
281,  1.85,45.3803,27.2767,291395,0.0419904
282,1.86667,47.223,31.158,181956,0.0314928
283,1.93333,47.547,14.688,217143,0.0314928
284,   1.9,49.329,18.387,306695,0.0419904
285,   1.8,50.5643,27.8438,192668,0.0419904
286,   1.9,51.759,48.519,217903,0.0419904
287,   1.8,52.7657,41.634,260334,0.0367416
288,1.93333,52.866,26.487,174436,0.0314928
289,   1.8, 53.46, 26.73,29424,0.0052488
290,   1.8,53.811,25.947,182408,0.0314928
291,   1.8,53.946,48.843,293068,0.0419904
292,   1.8,56.457, 46.98,84597,0.0104976
293,   1.9,57.267,38.799,256471,0.0419904
294,  1.84,57.6072,47.8548,179450,0.026244
295,   1.8,59.0652,42.9624,192241,0.026244
296,  2.16,24.5268,6.9012,126784,0.026244
297,2.08571,28.4657,12.6129,251445,0.0367416
298,   2.1,29.241,13.203,325701,0.0419904
299,   2.1,30.699, 8.343,262313,0.0419904
300,   2.1,30.699,16.443,253793,0.0419904
301,  2.12,35.9154,9.9306,301558,0.052488
302,     2,36.5796,25.4988,149424,0.026244
303,   2.1,36.855,26.163,270672,0.0419904
304,2.06667,38.394,10.746,78264,0.0157464
305,2.08889,39.744,29.898,275921,0.0472392
306,   2.1,40.419, 3.969,267291,0.0419904
307,2.14545,41.2216,5.19873,289503,0.0577368
308,   2.1,42.849, 7.533,166408,0.0419904
309,   2.1,43.497, 8.829,354440,0.0419904
310,     2,43.686, 36.72,104639,0.0157464
311,2.13333,46.872,31.995,211430,0.0314928
312,2.10909,48.0256,31.4427,285398,0.0577368
313,   2.1,48.195,15.957,270838,0.0419904
314,   2.1,48.8025,16.9155,295158,0.0629856
315,   2.1,52.569,23.247,289090,0.0419904
316,   2.1,53.865,47.547,176656,0.0419904
317,     2,55.782,50.436,109403,0.0157464
318,   2.1,55.971,34.101,288267,0.0419904
319,     2,57.105,47.061,373362,0.052488
320,     2,57.915,48.519,216365,0.0209952
321,2.11111,57.942,49.644,254033,0.0472392
322,   2.1,58.563,38.313,297502,0.0419904
323,2.24444, 21.87, 3.618,246780,0.0472392
324,  2.25,25.3733,0.62775,204972,0.0419904
325,2.31429,28.674,0.902571,412168,0.0734832
326,   2.3,29.889, 8.667,245095,0.0419904
327,  2.25,44.4083,34.7287,259923,0.0419904
328,   2.3,45.441,35.559,280775,0.0419904
329,   2.3,45.603,31.185,231159,0.0419904
330,2.28889,49.626, 45.45,264459,0.0472392
331,  2.24,50.3172,19.9908,214395,0.026244
332,   2.2,50.301,20.655,141787,0.0209952
333,   2.3,50.949,20.817,256504,0.0419904
334,2.28889, 51.57, 49.32,246331,0.0472392
335,   2.3,51.921,22.761,266724,0.0419904
336,  2.32,53.2494,48.8106,278741,0.052488
337,   2.3,56.295,46.251,273862,0.0419904
338,   2.3,56.295,49.977,282474,0.0419904
339,  2.28,56.5704,49.167,286669,0.052488
340,   2.3,58.887,42.525,256856,0.0419904
341,  2.25, 59.94,44.469,259946,0.0419904
342,   2.4,21.384, 2.349,154124,0.0314928
343,  2.44,23.7492,3.1428,163712,0.026244
344,2.47273,35.0951,23.2985,352187,0.0577368
345,2.47273,37.3925,26.9951,288171,0.0577368
346,   2.4,40.257, 5.184,163134,0.0314928
347,2.42857,40.3611,31.1734,299861,0.0367416
348,   2.4,42.849, 8.667,140401,0.0209952
349,  2.44,43.6752,37.3248,182763,0.026244
350,   2.4,44.388,21.546,133448,0.026244
351,2.46667,44.694, 9.954,304101,0.0472392
352,   2.4,45.0684,21.3192,170160,0.026244
353,2.57143,45.4294,11.2474,187778,0.0367416
354,  2.48,46.1376,12.069,223105,0.052488
355,2.61818,46.7296,41.8844,252006,0.0577368
356,   2.4,48.519,21.141,153758,0.0209952
357,   2.4,48.762,26.163,184360,0.0314928
358,   2.4,49.491,26.163,143260,0.0209952
359,   2.4,49.6368,18.9216,183455,0.026244
360,2.42857,49.9886, 42.93,244714,0.0367416
361,  2.48,50.0904,48.195,312493,0.052488
362,   2.5,50.139,26.811,320659,0.0419904
363,   2.4, 51.57,30.996,110182,0.0157464
364,   2.4,52.0992,30.6504,218802,0.026244
365,  2.45,53.8852,26.4262,214971,0.0419904
366,2.48571,54.0386,38.4634,246716,0.0367416
367,2.44444,54.162,54.756,358421,0.0472392
368,2.45714,55.2189,50.9606,225833,0.0367416
369,   2.4,56.5056,44.7768,203270,0.026244
370, 2.575,56.9633,33.0682,263621,0.0419904
371,  2.48,57.1536,51.597,282956,0.052488
372,  2.48,57.753,45.9756,280649,0.052488
373,2.53333, 57.78,38.637,157169,0.0314928
374,2.46667, 58.41,41.652,292022,0.0472392
375,   2.5,58.725,50.625,313778,0.0419904
376,   2.6,22.599, 3.888,186435,0.0314928
377,2.62222,23.688, 4.014,349417,0.0472392
378,   2.6,31.185,16.686,226157,0.0314928
379,   2.6,38.7383,28.9778,265771,0.0419904
380,   2.6,46.575,41.067,214782,0.0419904
381,   2.6,46.7978,15.2078,232454,0.0419904
382,2.63333,49.383,46.224,204766,0.0314928
383,   2.6,49.653,46.899,145870,0.0209952
384,2.66667,50.463,19.494,193664,0.0314928
385,   2.6, 50.49,26.136,121204,0.0157464
386,   2.6,50.9328,26.6976,178038,0.026244
387,   2.6,52.4232,23.8464,142390,0.026244
388,2.68571,56.9546,45.5914,206009,0.0367416
389,2.65455,57.1565,54.1375,381598,0.0577368
390,2.66667,58.662,43.326,291374,0.0472392
391,  2.96,24.2028,5.6052,132942,0.026244
392,   2.9,24.705, 1.053,252898,0.0419904
393,2.91111,33.102, 0.558,298187,0.0472392
394,   2.9,33.291, 3.483,227281,0.0419904
395,2.95556,40.932, 5.022,259194,0.0472392
396,2.94286,42.2126,8.40086,206338,0.0367416
397,2.91111,45.126, 20.79,309297,0.0472392
398,2.93333,47.538,15.246,206440,0.0472392
399,2.91111, 49.05,19.962,245617,0.0472392
400,2.91111,48.996, 23.22,239860,0.0472392
401,2.97143,49.9654,25.596,236157,0.0367416
402,2.97143,53.3674,38.556,169850,0.0367416
403,2.93333,53.703,55.512,180747,0.0314928
404,  2.92,54.999,28.4148,274075,0.052488
405,   2.9,55.647,29.241,229259,0.0419904
406,   2.9,56.781,35.235,262704,0.0419904
407,   3.1,27.783, 0.729,256964,0.0419904
408,     3,29.403,14.175,128171,0.0209952
409,   3.1,33.453,20.655,276155,0.0419904
410,   3.1,33.615, 2.511,221514,0.0419904
411,   3.1,33.615,20.007,274138,0.0419904
412,3.08571,34.2746,0.879429,246078,0.0367416
413,3.07273,34.5355,15.0071,335355,0.0577368
414,   3.1,34.587,14.013,278343,0.0419904
415,  3.15,41.229,33.2505,339039,0.0419904
416,  3.04,42.2172,7.8408,149581,0.026244
417,3.10909,43.9167,22.5033,280384,0.0577368
418,3.06667, 44.01,21.465,183259,0.0314928
419,   3.1,48.357,20.655,298648,0.0419904
420,   3.1,49.491,24.057,269652,0.0419904
421,   3.1,49.977,47.385,272469,0.0419904
422,   3.1,50.139,18.711,296009,0.0419904
423,   3.1,51.921,30.699,295031,0.0419904
424,3.08889,53.838,45.612,334930,0.0472392
425,     3,56.781, 44.55,184119,0.0314928
426,   3.1,58.563,41.391,255030,0.0419904
427,3.08571,58.8754,50.4514,252082,0.0367416
428,  3.08,59.1786,52.1154,264676,0.052488
429,3.09091,59.6307,40.5736,347162,0.0577368
430,   3.1,59.859,50.787,282190,0.0419904
431,   3.2,26.244, 9.963,59089,0.0104976
432,   3.2,26.5356,10.6272,134624,0.026244
433,3.26667,    27, 9.963,209476,0.0314928
434,3.28889,29.052, 5.904,305652,0.0472392
435,  3.28,30.0186,15.6006,334727,0.052488
436,   3.3,31.509,16.443,235090,0.0419904
437,   3.2,41.175, 5.967,197986,0.0314928
438, 3.275,41.715,34.1415,243339,0.0419904
439,   3.3,51.921,29.889,282799,0.0419904
440,   3.2, 55.08,33.291,188785,0.0314928
441,   3.2,56.781,34.425,190388,0.0209952
442,  3.24,57.4452,34.4088,199348,0.026244
443,  3.44,24.5592,1.5228,175477,0.026244
444,  3.55,26.244, 9.315,285440,0.0419904
445,3.46667,28.458, 0.729,199264,0.0314928
446,   3.4,28.674, 6.561,201056,0.0314928
447,   3.4,34.263,21.951,204383,0.0209952
448,3.46667,36.531,26.433,314429,0.0629856
449,  3.44,38.9124,1.7982,240988,0.052488
450,3.48889,44.136,29.592,342777,0.0472392
451,   3.4,48.6202,45.5423,292399,0.0419904
452,   3.4,49.248,18.387,143986,0.0314928
453,3.56667, 49.95,49.869,256117,0.0314928
454,  3.46,54.2538,55.8414,326046,0.052488
455,3.46667,54.954,29.232,394602,0.0472392
456,3.46667,58.428,39.771,223966,0.0314928
457,3.44444,59.022,36.936,308755,0.0472392
458,   3.4,60.021,43.497,149105,0.0209952
459, 3.475,60.6487,46.2105,200982,0.0419904
460,3.62857,26.244,8.33143,202950,0.0367416
461,   3.6,29.1276,14.1588,203400,0.026244
462,   3.7,32.319, 0.729,225416,0.0419904
463,3.74286,32.6546,7.75286,159624,0.0367416
464,   3.6,34.506, 0.891,170011,0.0314928
465,3.66667,39.636,  4.86,86221,0.0157464
466,3.78333,40.1355,4.3875,376942,0.0629856
467,3.71429,41.7034,7.70657,266255,0.0367416
468,3.76923,42.3942,25.0975,435291,0.0682344
469,   3.7,43.821, 8.991,225340,0.0419904
470,3.68571,43.9946,21.1294,216182,0.0367416
471,   3.6,45.2443, 11.34,212862,0.0367416
472,   3.6,45.117,20.412,173707,0.0314928
473,  3.72,49.0536,47.709,275087,0.052488
474,3.62857, 49.41,24.6934,192186,0.0367416
475,   3.7,50.139,19.845,294651,0.0419904
476,3.71111, 52.11,54.342,318368,0.0472392
477,   3.6,52.6298,24.4418,289686,0.0419904
478,3.71111,56.124, 31.32,278633,0.0472392
479,3.73333,56.781, 44.82,216500,0.0314928
480,   3.6,57.024,56.457,233984,0.0419904
481,   3.6,57.3943,  32.4,171103,0.0367416
482,   3.6,59.535,50.463,143162,0.0209952
483,   3.9,26.973,10.773,219045,0.0419904
484,  3.86,27.2646,11.6478,222341,0.052488
485,   3.9,27.783, 0.891,276487,0.0419904
486,   3.9,31.1445,16.1393,253601,0.0419904
487,3.93333, 34.56,21.465,222066,0.0314928
488,   3.9,35.397,24.219,265028,0.0419904
489,   3.9,38.151, 1.053,245303,0.0419904
490,3.91111,40.932, 33.12,269516,0.0472392
491,   3.9,41.067,31.995,283999,0.0419904
492,   3.9,41.229, 6.075,253575,0.0419904
493,  3.85,42.2415,7.0065,110127,0.0209952
494,  3.92,46.9314,42.8166,283073,0.052488
495,   3.9,48.843,19.845,239957,0.0419904
496,   3.9,49.491,19.845,243620,0.0419904
497,   3.9,49.653,17.739,286980,0.0419904
498,   3.8,49.653,49.329,148155,0.0209952
499,3.90909,50.6176,52.6647,311007,0.0577368
500,  3.92,52.6014,23.3766,267991,0.052488
501,   3.9,52.569,56.133,309943,0.0419904
502,3.88889,53.676, 44.46,297329,0.0472392
503, 3.875,53.946,33.4327,234573,0.0419904
504,   3.8,54.054,44.982,86865,0.0157464
505,   3.8, 54.81,33.804,85700,0.0157464
506,   3.9,55.323,55.323,272611,0.0419904
507,   3.9,55.485,33.129,295015,0.0419904
508,  3.84,55.8252,54.8208,149515,0.026244
509,3.86667,56.295, 44.28,241540,0.0314928
510,   3.9,56.619,30.537,256477,0.0419904
511,3.91111, 56.97,31.662,245952,0.0472392
512,   3.9,57.753,39.447,298974,0.0419904
513,  3.88,59.3406,51.3054,324696,0.052488
514,   3.9,60.507,43.173,263365,0.0419904
515,  3.88,60.7176,46.7532,126124,0.026244
516,     4,49.167,49.491,128439,0.0209952
517,  4.35,24.786, 6.075,221812,0.0419904
518,   4.2,26.8718,9.90225,170669,0.0419904
519,  4.24,31.8492,1.1988,223717,0.026244
520,4.37778,33.066, 20.07,280863,0.0472392
521,4.26667,34.038, 0.882,225037,0.0472392
522,   4.2,34.587,22.275,134297,0.0209952
523,   4.2,41.634, 7.371,63461,0.0104976
524,4.23333,43.227, 8.964,189016,0.0314928
525,  4.24,44.8578,10.8216,222083,0.052488
526,4.35556,46.044, 26.91,256829,0.0472392
527,  4.28,49.9284,50.787,373426,0.052488
528,   4.2,52.326,22.437,167824,0.0314928
529,   4.2,54.513,33.615,132988,0.0209952
530,   4.2,56.106,30.186,86070,0.0157464
531,4.33333,56.124,58.626,301813,0.0472392
532,   4.2,56.5177,48.2557,227672,0.0419904
533,   4.3,61.317,47.142,202955,0.0419904
534,  4.46,22.0644,2.5272,288263,0.052488
535, 4.475,23.9355,5.08275,175459,0.0419904
536,   4.4,26.001,  1.35,175588,0.0314928
537,   4.4,27.945, 0.729,135670,0.0209952
538,   4.4,35.8344,16.4592,129194,0.026244
539,4.53333, 35.82,17.244,240550,0.0472392
540,   4.5,37.341,27.459,142705,0.0419904
541,  4.55,39.3863,29.9295,260531,0.0419904
542,4.51111,40.248,29.754,310505,0.0472392
543,4.44444, 43.47,15.066,237529,0.0472392
544,   4.4,44.064,14.3717,227842,0.0367416
545,   4.5,46.899,14.985,307499,0.0419904
546,   4.4,47.682,14.985,242006,0.0314928
547,4.51111,  49.5,48.492,320934,0.0472392
548,4.53333,50.463,53.649,363588,0.0629856
549,   4.4,50.949, 55.08,311710,0.0419904
550,4.51111,51.894,23.238,230667,0.0472392
551,   4.4,52.308, 57.24,258065,0.0472392
552,4.54545,52.7825,58.1875,283240,0.0577368
553,  4.55,53.298,25.191,238877,0.0419904
554,4.51111,54.846,  43.2,283450,0.0472392
555,4.51111,56.808,43.974,267265,0.0472392
556,   4.4,57.8988,39.9816,137828,0.026244
557,4.51111,58.572, 34.56,302562,0.0472392
558,   4.4,59.5512,37.0656,154431,0.026244
559,   4.4,61.7018,52.1842,255429,0.0419904
560,   4.6,27.3983,1.43775,190465,0.0419904
561,   4.7,27.459,11.259,240663,0.0419904
562,   4.7,34.263, 2.511,181604,0.0419904
563,  4.76,37.3248,0.9072,139291,0.026244
564,   4.6,46.251,13.527,94491,0.0209952
565,   4.6,46.6097,19.116,161704,0.0367416
566,4.68571,47.0726,43.1614,185803,0.0367416
567,  4.68,47.5146,18.9054,265729,0.052488
568,  4.68,48.4704,46.575,236631,0.052488
569,   4.7,51.597,21.465,251798,0.0419904
570,   4.7,54.189,25.353,277339,0.0419904
571,4.71111, 56.07,55.674,242329,0.0472392
572,   4.7,56.133,54.837,371546,0.0419904
573,4.68889,58.698,56.772,238474,0.0472392
574,   4.6,59.211,57.105,101621,0.0209952
575,4.71111,59.544,51.246,341354,0.0472392
576,  4.84,26.0172,2.0088,176470,0.026244
577,  4.86,28.0908,11.8098,298973,0.052488
578,   4.9,39.285, 4.455,292729,0.0419904
579,4.88889,43.668,27.846,227034,0.0472392
580,   4.8,45.927,41.553,120686,0.0209952
581,  4.95,46.575,21.6472,193095,0.0419904
582,4.88889,47.214,22.302,287735,0.0472392
583,4.85455,47.6722,20.0585,358258,0.0577368
584,   4.9,49.977,33.939,201807,0.0419904
585,   4.8,50.949,21.303,133623,0.0209952
586,  4.88,50.949,56.8296,337984,0.052488
587,  4.88,53.0064,24.219,253423,0.052488
588,4.86667,56.295,48.006,173850,0.0314928
589,   4.8,58.077,36.369,144866,0.0209952
590,4.88889, 58.59,57.762,263632,0.0472392
591,4.88571,59.0606,36.7046,257155,0.0367416
592,4.88889,60.174,38.448,287000,0.0472392
593,4.87273,60.9415,54.6529,401519,0.0577368
594,   4.9,61.479,45.927,284899,0.0419904
595,5.15556,27.468, 8.118,307959,0.0472392
596,5.13333,  37.8, 0.729,187999,0.0314928
597,  5.16,37.9728,27.945,304913,0.052488
598,5.07273,40.2055,4.59491,366016,0.0577368
599,5.07273,40.3969,5.59636,197289,0.0577368
600,     5,42.606,7.66029,191188,0.0367416
601,     5,43.335, 8.343,145943,0.0209952
602, 5.025,49.2075,50.058,280787,0.0419904
603,5.07273,51.4276,47.5691,374609,0.0577368
604,5.06667,56.844,60.984,323933,0.0472392
605, 5.125,57.8745,32.6632,271713,0.0419904
606, 5.025,59.616,56.3152,241017,0.0419904
607,5.11429,60.1714,40.5926,214299,0.0367416
608,  5.36,24.2028,3.9852,157517,0.026244
609,   5.2,25.0776,3.4668,157139,0.026244
610,   5.3,29.403,13.365,233924,0.0419904
611,  5.32,38.313,8.2944,237025,0.052488
612,5.31429,39.4354,3.79543,235850,0.0367416
613,5.24444,39.852,30.672,259029,0.0472392
614,5.31429,40.5694,7.05857,271501,0.0367416
615,5.31111,43.002,27.432,285022,0.0472392
616,   5.2,43.6104,26.7948,206202,0.026244
617,5.31429,46.0774,41.2174,304536,0.0367416
618,   5.2,46.251,13.932,215913,0.0314928
619,5.31429,46.4014,14.6726,227980,0.0367416
620,   5.3,47.223,44.631,192943,0.0419904
621,  5.35,47.4458,15.0053,241320,0.0419904
622,   5.3,47.385,43.173,179060,0.0419904
623,  5.32,48.8916,45.279,341488,0.052488
624,   5.3,49.491,18.063,251800,0.0419904
625,  5.36,49.7502,53.1036,214906,0.052488
626,5.26667,  51.3,20.817,181587,0.0314928
627,5.33333, 51.48,58.518,253974,0.0472392
628,   5.2,58.3524,36.8712,197075,0.026244
629,   5.2,58.6903,60.5186,302426,0.0367416
630,5.33333,58.698,59.535,210443,0.0314928
631,5.37143,60.102,39.1346,199474,0.0367416
632,  5.26,60.9282,40.5486,298415,0.052488
633, 5.525,23.733,3.2805,218496,0.0419904
634,   5.4,25.434, 2.349,44280,0.0104976
635,   5.5,25.677, 3.159,263778,0.0419904
636,   5.5,26.163, 2.349,279270,0.0419904
637,  5.46,38.5722,3.9366,246446,0.052488
638,5.53333,42.822, 8.343,175465,0.0314928
639,   5.4,46.899,18.792,303615,0.052488
640,   5.5,50.301,20.331,201676,0.0419904
641,   5.5,50.787,53.703,286468,0.0419904
642,5.56667,51.084,59.103,167826,0.0314928
643,   5.5,51.597,27.135,197713,0.0419904
644,   5.5,52.731,60.021,319795,0.0419904
645,   5.5,53.217,62.451,289297,0.0419904
646,   5.4,53.703,61.803,144929,0.0209952
647,   5.4,55.971,54.918,182927,0.0314928
648,   5.5,57.105,31.671,245676,0.0419904
649,  5.45,57.1455,32.3595,97841,0.0209952
650,   5.4,58.563,36.045,199061,0.0209952
651,  5.52,59.0004,37.3248,148765,0.026244
652,   5.4,59.211,58.401,213726,0.0209952
653,   5.4,59.211,60.669,181106,0.0209952
654,   5.4,60.5232,55.7604,209068,0.026244
655,  5.52,61.8516,48.681,252587,0.052488
656,5.51429,62.6246,50.6134,232836,0.0367416
657,   5.6,27.621, 8.748,62692,0.0104976
658,   5.7,27.702,10.287,227166,0.0419904
659,5.67273,33.5635,8.36509,322205,0.0577368
660,5.66667,37.044, 2.673,170215,0.0314928
661,5.68889,37.314,   0.9,261700,0.0472392
662,  5.68,41.9904,12.231,326914,0.052488
663,5.68571,43.5086,8.81743,265484,0.0367416
664,   5.7,44.307,10.611,256414,0.0419904
665,   5.7,44.469,39.123,270779,0.0419904
666,   5.6,46.251,21.627,139882,0.0209952
667,  5.64,46.7532,19.6668,169353,0.026244
668,5.73333,46.737, 21.33,186141,0.0314928
669,5.67273,50.6029,43.8725,332240,0.0577368
670,   5.6, 59.13,59.373,135576,0.0209952
671,  5.68,59.8104,51.273,311481,0.052488
672,   5.7,60.021,58.239,261870,0.0419904
673,  5.68,62.127,53.3952,278693,0.052488
674,   5.8,27.702, 8.586,26062,0.0052488
675,5.85714,38.3014,28.2806,250369,0.0367416
676,5.86667,40.644, 6.228,247725,0.0472392
677,  5.84,40.8888,7.0308,203212,0.026244
678,5.96364,40.8387,32.9449,328510,0.0577368
679,5.87273,44.4175,25.5371,308789,0.0577368
680,   5.8,45.0562,40.0343,275030,0.0419904
681,5.84444,45.432,13.104,285441,0.0472392
682,5.88889,48.834, 18.36,278155,0.0472392
683,  5.84,50.4144,58.3362,271547,0.052488
684,   5.8,54.3024,56.2788,225918,0.026244
685,   5.9,55.809,62.775,286306,0.0419904
686,   5.8, 55.89,62.289,62962,0.0104976
687,   5.8,56.484,40.554,77208,0.0157464
688,5.86667,57.726,62.451,167941,0.0314928
689,5.88889,  58.5,60.822,287712,0.0472392
690,   5.9,58.725,61.803,270459,0.0419904
691,5.83333, 59.67,37.179,228217,0.0314928
692,   5.8,59.697, 59.94,81144,0.0104976
693,   5.8,60.183,56.295,145925,0.0209952
694,  6.12,24.543,3.7584,280509,0.052488
695,6.03333,25.488, 5.508,226509,0.0314928
696,     6,26.973,  7.29,192523,0.0314928
697,6.11429,27.7714,9.16457,229431,0.0367416
698,6.13333,28.332, 9.972,249534,0.0472392
699,6.14286,32.5851,17.2414,258024,0.0367416
700,  6.16,32.9508,18.8892,199179,0.026244
701,     6,33.7163,4.02975,162909,0.0419904
702,     6,36.045,23.247,184803,0.0209952
703,  6.15,38.9408,3.58425,216920,0.0419904
704,     6,43.335,37.341,111716,0.0209952
705,6.05714,44.1797,38.2783,265176,0.0367416
706,     6,46.5403,18.792,260943,0.0367416
707,     6, 46.98,44.6657,269418,0.0367416
708,  6.16,47.0448,19.5372,174367,0.026244
709,6.11111,47.736, 19.53,272471,0.0472392
710,     6,49.4303,28.8158,297650,0.0419904
711,6.11111,49.842,56.934,287457,0.0472392
712,     6,50.949, 20.25,207632,0.0314928
713,     6,51.1457,26.406,226269,0.0367416
714,     6,52.407,60.021,233822,0.0209952
715,     6,54.0756,55.6308,155010,0.026244
716,6.11429,59.3614,50.4514,251856,0.0367416
717,6.08571,60.0326,39.2734,251576,0.0367416
718,     6,60.183,60.345,192360,0.0209952
719,  6.05,60.9323,39.7508,274919,0.0419904
720,6.11111,60.858,40.572,330417,0.0472392
721,6.07273,61.5895,45.6251,335414,0.0577368
722,6.13333,61.956,54.738,204765,0.0472392
723,  6.04,62.4672,50.1228,190236,0.026244
724,     6,62.559,52.029,200931,0.0314928
725,   6.2,25.272, 5.184,32103,0.0052488
726,  6.38,36.8388,2.4462,360194,0.052488
727,   6.3,38.475, 5.751,241218,0.0419904
728,   6.3,38.961,28.755,353593,0.0419904
729,6.32727,42.9005,8.96891,271691,0.0577368
730,6.36667,42.7005,34.398,462568,0.0629856
731,   6.2,43.497,36.936,203872,0.0314928
732,   6.3,43.659, 9.963,273469,0.0419904
733,   6.2,49.167,50.706,276153,0.0419904
734,   6.3,52.731,27.783,280303,0.0419904
735,   6.3,52.731,37.017,205029,0.0419904
736,   6.3,53.055,23.733,272360,0.0419904
737,   6.3,54.027,60.021,252901,0.0419904
738,  6.32,54.7236,26.811,264118,0.052488
739,   6.2,54.837,63.585,135771,0.0209952
740,   6.2,55.971,40.257,141546,0.0209952
741,   6.3,57.105,32.319,269801,0.0419904
742,6.31111,57.114,40.068,258639,0.0472392
743,   6.3,57.429,40.905,278750,0.0419904
744,   6.3,58.077,37.989,297843,0.0419904
745,   6.3,58.401,62.451,308922,0.0419904
746,  6.32,58.563,56.2464,277250,0.052488
747,   6.3,59.535,56.133,259235,0.0419904
748,   6.2,59.859, 60.75,73889,0.0104976
749,   6.3,60.021,37.989,294909,0.0419904
750,   6.2,61.7018,43.4363,279780,0.0419904
751,6.33333,62.829,49.437,138728,0.0314928
752,  6.46,30.4722,7.2414,234292,0.052488
753,  6.48,33.5664, 8.667,290307,0.052488
754,   6.5,35.397,22.599,228371,0.0419904
755,   6.4,36.045,23.652,65722,0.0104976
756,6.47273,40.0729,30.3824,280444,0.0577368
757,   6.5,45.279,39.933,288040,0.0419904
758,  6.48,46.5426,43.6266,336314,0.052488
759,   6.5,54.189,25.353,247118,0.0419904
760,   6.5,59.049,34.587,279230,0.0419904
761,6.46667,60.345,56.268,247893,0.0314928
762,   6.5,60.993,57.591,340151,0.0419904
763,  6.44,61.3332,56.2788,165422,0.026244
764,  6.45,62.2485,47.8305,134205,0.0209952
765,  6.64,23.9598,0.9396,230198,0.052488
766,  6.64,27.2646,6.4476,343975,0.052488
767,   6.6,34.506,4.42029,253013,0.0367416
768,6.73333, 37.98,21.366,224113,0.0472392
769,   6.7,38.313, 2.673,267243,0.0419904
770,   6.7,43.173,35.559,269783,0.0419904
771,6.82857,44.1566,38.0006,171566,0.0367416
772,   6.7,46.737,18.873,276243,0.0419904
773,   6.6,49.653,56.457,116348,0.0209952
774,6.67273,49.9255,28.7771,341535,0.0577368
775,6.66667,50.5845,61.3575,363586,0.0629856
776, 6.775,50.706,26.5275,258041,0.0419904
777,  6.65,52.2045,36.8955,95612,0.0209952
778,  6.65,53.9663,26.1427,174862,0.0419904
779,   6.7,59.049,49.977,243194,0.0419904
780,   6.7,59.535,37.341,176944,0.0419904
781,6.62857,62.8791,52.3954,325186,0.0367416
782,   6.9,32.157, 1.377,277683,0.0419904
783,   6.8,32.2178,14.5598,285028,0.0419904
784,   6.8,32.643,15.633,109303,0.0209952
785,   6.8,33.048,17.253,183371,0.0314928
786,6.82857,35.4549,19.1391,221946,0.0367416
787,  6.96,39.8682,6.0264,283504,0.052488
788,6.92727,40.7945,7.83491,266186,0.0577368
789,   6.8,49.6183, 53.46,180309,0.0367416
790,   6.9,50.301,60.507,258819,0.0419904
791,   6.9,50.787,28.755,264140,0.0419904
792, 6.975,54.4725,29.8688,252094,0.0419904
793,6.93846,54.8557,43.0048,386414,0.0682344
794,   6.8,56.538,42.525,243908,0.0314928
795,     7,58.4982,63.5202,268312,0.052488
796,   6.8,60.183,57.267,165479,0.0209952
797,   6.8, 60.75,39.9677,208504,0.0367416
798,6.88889,60.696,60.984,328078,0.0472392
799,   6.8,60.831,56.943,168438,0.0209952
800,   6.8,61.965,47.547,166974,0.0209952
801,   7.1,25.191, 2.511,201397,0.0419904
802,7.11429,32.6546,0.624857,167490,0.0367416
803,7.13333, 33.75, 1.296,81209,0.0157464
804,   7.1,34.587,18.846,170440,0.0314928
805,     7,35.073,18.387,142927,0.0209952
806,   7.1,38.151, 5.427,291830,0.0419904
807,     7,38.9448,5.4756,228603,0.026244
808,7.11111,42.714,34.254,328768,0.0472392
809,     7,43.902,37.179,181407,0.0314928
810,   7.1,47.385,19.197,312991,0.0419904
811,7.08889,48.492,37.026,263552,0.0472392
812,7.11429,48.8546,18.0746,250479,0.0367416
813,     7,49.572,60.1483,232784,0.0367416
814,     7,54.2052,64.1196,217579,0.026244
815,     7,54.513,64.557,163807,0.0209952
816,   7.1,55.809,28.917,295625,0.0419904
817,7.08571,56.6074,41.5414,250212,0.0367416
818,     7,58.5144,38.1348,211375,0.026244
819,7.12727,60.0431,62.2375,331709,0.0577368
820,   7.1,60.507,45.927,242356,0.0419904
821,     7,60.831,58.401,153528,0.0209952
822,     7,60.993,56.457,156067,0.0209952
823,     7,60.993,59.211,193940,0.0209952
824,     7,62.208,44.7583,176465,0.0367416
825,   7.3,27.945, 7.371,242984,0.0419904
826,  7.24,30.0348,7.8408,149384,0.026244
827,   7.2,30.699, 7.857,135607,0.0209952
828,   7.3,32.967,15.633,229675,0.0419904
829,  7.28,33.0804,18.063,269948,0.052488
830,   7.3,33.777,18.873,315757,0.0419904
831,   7.2,37.422, 5.832,23236,0.0052488
832,   7.3,39.285,27.945,273987,0.0419904
833, 7.275,45.5625,14.4787,177078,0.0419904
834,   7.3,49.167,52.569,231741,0.0419904
835,   7.2,49.3776,56.4732,167685,0.026244
836,7.26667,49.752,54.666,198615,0.0472392
837,7.33333,53.154, 24.39,214090,0.0472392
838,   7.3,54.513,58.887,317281,0.0419904
839,7.30909,58.2316,41.6487,272412,0.0577368
840,  7.32,59.2272,38.6856,176807,0.026244
841,7.37143,59.4309,39.4586,179777,0.0367416
842,7.28571,60.2409,59.0606,208597,0.0367416
843,   7.3,61.317,41.229,255280,0.0419904
844,   7.4,28.431, 7.857,141331,0.0209952
845,7.53333,31.833,  1.35,180450,0.0314928
846,  7.48,32.1084,15.309,296675,0.052488
847,  7.52,32.0436,14.6772,149697,0.026244
848, 7.475,34.7287,0.54675,230848,0.0419904
849, 7.425,35.9235,4.19175,283174,0.0419904
850,7.46667,36.8145,2.6325,293097,0.0629856
851,   7.4,37.584, 5.751,63816,0.0104976
852,7.46667, 39.78,11.358,286739,0.0472392
853,   7.4,41.148,12.717,186477,0.0419904
854,  7.48,48.3084,17.739,350183,0.052488
855,7.51429,48.6694,49.8034,190815,0.0367416
856,   7.5,50.463,28.755,323880,0.0419904
857,7.46667,53.703,25.974,175505,0.0314928
858,  7.56,57.5748,31.8492,207762,0.026244
859,  7.48,57.8664,64.557,321194,0.052488
860,   7.4,58.6643,50.0783,274312,0.0419904
861,  7.44,58.9032,37.9728,207658,0.026244
862,  7.45,60.507,38.718,221248,0.0419904
863, 7.425,61.1955, 39.69,286110,0.0419904
864,   7.6,25.758, 2.511,187783,0.0314928
865,   7.6,29.0304,9.0072,170575,0.026244
866,   7.6,29.241, 7.695,111684,0.0209952
867,  7.72,29.565,5.1516,316524,0.052488
868,   7.6,30.942, 3.159,216785,0.0314928
869,   7.6,32.4736,8.11473,334163,0.0577368
870,   7.6,32.805,17.253,142720,0.0209952
871,   7.6,33.453, 1.215,180431,0.0209952
872,   7.7,35.235,18.873,195560,0.0419904
873,7.67273,35.8315,21.3251,365511,0.0577368
874,7.73333,36.666, 3.483,226701,0.0314928
875,  7.65,37.989,25.596,229977,0.0419904
876,   7.7,38.475, 5.589,243040,0.0419904
877,   7.6,39.123,28.269,149120,0.0209952
878,7.72727,40.3085,13.5491,277056,0.0577368
879,7.63333,44.199,19.197,339246,0.0629856
880,  7.68,45.6516,40.257,291422,0.052488
881,   7.6,45.8663,30.1523,258389,0.0419904
882,   7.6,46.5143,44.5297,299728,0.0419904
883,  7.74,47.8062,46.9314,274765,0.052488
884,   7.6,48.195,48.195,108481,0.0209952
885,  7.68,48.5676,48.843,283369,0.052488
886,   7.6,51.0098,21.3637,263182,0.0419904
887,   7.6,50.868,58.968,33199,0.0052488
888,  7.75,51.2527,28.8562,264896,0.0419904
889,   7.7,51.921,24.543,228845,0.0419904
890,   7.6,54.837,29.808,202301,0.0314928
891,   7.6,57.105,41.229,206737,0.0209952
892,   7.6,59.373,37.017,289937,0.0419904
893,   7.6,59.4216,56.943,267834,0.052488
894,   7.6,62.2728,46.7856,168066,0.026244
895,7.93333,29.079, 8.316,229378,0.0314928
896,7.91429,31.0114,7.91486,224700,0.0367416
897,   7.8,32.2178,2.08575,265779,0.0419904
898, 7.925,32.319,14.1345,220061,0.0419904
899,  7.85,32.643, 1.134,200356,0.0419904
900,   7.8, 33.21,16.929,84245,0.0104976
901,7.91111,33.588, 3.798,270665,0.0472392
902,   7.8,34.263,18.063,172749,0.0209952
903,  7.92,40.8564, 8.343,270981,0.052488
904,   7.9,43.497,35.721,222920,0.0419904
905,7.91111,45.468,15.156,320736,0.0472392
906,   7.8,49.005,50.544,65710,0.0104976
907,   7.8,49.167,56.862,225711,0.0314928
908,   7.8,49.977,56.214,183665,0.0314928
909,7.85714,50.4283,28.0723,220225,0.0367416
910,   7.8,50.625,60.345,169802,0.0209952
911,   7.9,50.787,63.423,345346,0.0419904
912,   7.9,51.759,22.599,261961,0.0419904
913,7.93333,51.894,48.519,216313,0.0314928
914,7.92727,52.3849,29.3515,394267,0.0577368
915,   7.8,56.8944,65.5128,207096,0.026244
916,   7.8, 58.32,37.989,220830,0.0314928
917,7.92727,60.3671,62.7235,285072,0.0577368
918,  7.92,61.155,51.2244,239238,0.052488
919,   7.9,61.317,41.391,265999,0.0419904
920,  7.95,62.9978,46.5345,286544,0.0419904
921,7.84444, 63.36,51.876,314489,0.0472392
922,8.08889,26.136, 1.692,327246,0.0472392
923,  8.08,29.0304, 6.885,285175,0.052488
924,     8,30.537, 8.343,136359,0.0209952
925,  8.08,31.1364,12.393,318226,0.052488
926,  8.12,33.0156,15.957,214176,0.052488
927,8.11111,44.622,13.176,240598,0.0472392
928,     8,45.3803,14.2763,212301,0.0419904
929,   8.1,47.061,17.577,282747,0.0419904
930,  8.04,49.8312,59.292,119033,0.026244
931,8.14286,49.9423,63.2263,202097,0.0367416
932,8.08889,50.598,58.572,308250,0.0472392
933,     8,50.6412,59.4864,121282,0.026244
934,   8.1,50.949,29.727,243156,0.0419904
935,     8,52.569,25.515,111783,0.0209952
936,  8.08,52.6176,49.6692,160471,0.026244
937,   8.1,52.569,64.719,299207,0.0419904
938,8.11429,53.6914,26.6606,191857,0.0367416
939,8.07273,54.7855,27.4811,335908,0.0577368
940,   8.1,58.887,63.747,292830,0.0419904
941,   8.1,59.697,63.747,282502,0.0419904
942,  8.24,60.4908,51.759,206549,0.052488
943,  8.08,60.669,59.5836,331897,0.052488
944,8.06667,62.937, 49.95,198290,0.0314928
945,8.28571,27.6326,1.20343,212650,0.0367416
946,8.26667, 28.44, 1.116,259492,0.0472392
947,8.26667,28.782, 4.617,136314,0.0314928
948, 8.275,31.185,2.7135,202176,0.0419904
949,  8.24,31.6872,8.0028,131679,0.026244
950,8.28889,32.778, 8.028,263229,0.0472392
951,   8.3,33.615,17.253,323767,0.0419904
952,   8.3,34.263, 3.969,260575,0.0419904
953,  8.24,34.7652,18.0468,212295,0.026244
954,  8.28,35.073,4.0176,242686,0.052488
955,8.22857,35.8946, 3.726,160599,0.0367416
956,8.28889,36.018,20.322,382806,0.0472392
957,8.26667,37.692,21.465,193626,0.0314928
958,   8.2,40.5324,30.1968,168214,0.026244
959,   8.3,40.905,12.393,268430,0.0419904
960,  8.28,41.0184,29.565,385079,0.052488
961,  8.28,41.6664,10.773,256341,0.052488
962,   8.3,45.603,30.051,310714,0.0419904
963,   8.2,45.954,15.282,104674,0.0157464
964,  8.24,47.4012,16.9128,169058,0.026244
965,   8.3,47.871,48.033,278970,0.0419904
966,   8.2, 48.33,19.683,201181,0.0314928
967,   8.3,48.843,50.787,301418,0.0419904
968,8.26667,48.843,51.732,225929,0.0314928
969,  8.28,49.005,55.3716,343386,0.052488
970,8.26667,49.518,52.083,181749,0.0314928
971,  8.28,49.9284,47.385,161082,0.052488
972,8.26667,50.076,28.908,276613,0.0472392
973,   8.3,50.787,60.669,301927,0.0419904
974,   8.3, 51.03,62.856,62368,0.0104976
975,   8.3,52.083,49.167,336029,0.0419904
976,8.26667,52.578,24.156,261340,0.0472392
977,  8.28,53.6544,59.211,366320,0.052488
978,8.26667, 53.73,25.839,179378,0.0314928
979, 8.275,54.7155,30.2333,219572,0.0419904
980,8.26667,54.999,29.538,204957,0.0314928
981,   8.3,57.267,65.853,325724,0.0419904
982,   8.3,58.401,36.045,226696,0.0419904
983,  8.28,58.8546,35.2674,320748,0.052488
984,8.28889, 60.48,39.132,360013,0.0472392
985,   8.2,60.507,41.958,169732,0.0314928
986,8.24444,61.776,42.768,274270,0.0472392
987,8.58182,28.4384,2.34164,256143,0.0577368
988,8.51111,32.346,12.222,265851,0.0472392
989,  8.52,44.6796,38.475,335647,0.052488
990,8.55556,49.248,59.886,336644,0.0472392
991,  8.56,54.4968,59.0652,203169,0.026244
992,  8.55,57.5303,33.1695,282086,0.0419904
993,8.51429,59.6854,38.1394,211472,0.0367416
994,   8.7,29.727, 2.187,209342,0.0419904
995,8.72727,29.7785,7.06909,333928,0.0577368
996,   8.6, 29.97,9.11829,238458,0.0367416
997,   8.8,30.5168,2.97675,155374,0.0419904
998,  8.72,31.2336,10.773,315913,0.052488
999,  8.75,31.995, 2.754,162058,0.0419904
1000,   8.6,32.157, 6.723,183285,0.0209952
1001,   8.6,32.5823,13.7498,251064,0.0419904
1002,8.71429,36.1954,5.60057,271474,0.0367416
1003,   8.6,36.504, 6.102,101193,0.0157464
1004,8.77143, 36.45,21.3146,195382,0.0367416
1005,   8.6,37.179,21.627,162735,0.0209952
1006,   8.6,38.5097,21.708,203177,0.0367416
1007,8.71429,41.2174,11.7334,262625,0.0367416
1008,  8.75, 41.31,31.023,263674,0.0419904
1009,8.66667, 42.75,11.574,284244,0.0472392
1010,   8.7,45.279,15.633,267209,0.0419904
1011,  8.72,46.413,29.6784,325062,0.052488
1012,8.74286,48.9009,19.9954,172074,0.0367416
1013,   8.6,50.787,28.107,153813,0.0209952
1014,   8.6,51.921,27.135,148098,0.0209952
1015,  8.75, 51.84,65.205,245067,0.0419904
1016,   8.6,52.731,26.811,194640,0.0209952
1017,   8.6,53.0203, 25.11,213456,0.0367416
1018,8.66667,54.432,28.728,89056,0.0157464
1019,   8.6,56.781,65.853,167117,0.0209952
1020,   8.6,57.8137,32.2583,306328,0.0419904
1021,   8.7,58.401,33.777,256049,0.0419904
1022,   8.7,61.641,60.669,206297,0.0419904
1023,   8.6,62.613,50.139,176588,0.0209952
1024,   8.9,29.484,  4.05,589934,0.0944784
1025,  8.88,30.8124, 8.343,290447,0.052488
1026,8.91111,31.536, 6.552,339944,0.0472392
1027,   8.9,32.643, 6.885,300943,0.0419904
1028,   8.9,33.777,15.633,278114,0.0419904
1029,  8.84,34.2792,14.9688,145056,0.026244
1030,   8.9,37.017, 6.723,211755,0.0419904
1031,8.91429,37.6766,22.7726,183100,0.0367416
1032,8.91111,  38.7,12.546,172116,0.0472392
1033,8.89091,38.718,26.1998,264860,0.0577368
1034,   8.8,38.799,11.745,156930,0.0209952
1035,   8.9,39.771, 8.991,283619,0.0419904
1036,   8.8,40.419, 9.315,114921,0.0209952
1037,   8.9,40.581,12.555,273057,0.0419904
1038, 8.975, 41.31,29.7675,194239,0.0419904
1039,   8.9,41.553,10.287,191433,0.0419904
1040,   8.8,42.2357,14.256,211797,0.0367416
1041,   8.9,43.173,13.527,278013,0.0419904
1042,  8.88,44.4204,35.721,341744,0.052488
1043,   8.9,44.631,16.443,234502,0.0419904
1044,   8.9,45.117,36.045,239453,0.0419904
1045,  8.92,45.8136,19.521,278324,0.052488
1046,   8.9,48.357,50.949,288214,0.0419904
1047,8.93333,50.814,29.565,186943,0.0314928
1048,   8.9,51.111,27.621,309038,0.0419904
1049,   8.9,51.273,28.755,251217,0.0419904
1050,   8.8,51.6086,63.4577,220696,0.0367416
1051,   8.8,52.488,26.892,36559,0.0052488
1052,   8.8,52.542,49.464,116692,0.0157464
1053,   8.9,53.541,30.537,185465,0.0419904
1054,  8.95,53.703, 50.22,206869,0.0419904
1055,  8.88,53.9784,50.949,274071,0.052488
1056,8.93333,54.189,58.536,232763,0.0314928
1057,   8.9,54.513,30.699,302891,0.0419904
1058,   8.9,55.161,59.373,262867,0.0419904
1059,   8.9,55.485,30.051,282531,0.0419904
1060,  8.92,56.619,53.6544,278031,0.052488
1061,   8.9,56.943,31.347,215900,0.0419904
1062,   8.9,58.239,65.043,321307,0.0419904
1063,   8.9,58.401,65.853,290150,0.0419904
1064,   8.8,60.102,41.4257,194825,0.0367416
1065,   8.8,60.183,38.637,117488,0.0209952
1066,8.85714,60.3334,63.5271,212940,0.0367416
1067,   8.9,60.993,42.039,286199,0.0419904
1068,   8.8,61.479,40.824,67105,0.0104976
1069,   8.9,62.937,45.279,335734,0.0419904
1070,9.02857,35.0846,17.658,260760,0.0367416
1071,9.08889,36.198,18.846,260148,0.0472392
1072,     9,37.098,11.3863,208504,0.0367416
1073,     9,37.908,14.661,230670,0.0314928
1074,9.06667,37.836,20.718,215518,0.0472392
1075,     9,38.313,14.094,61736,0.0104976
1076,   9.1,39.771, 9.963,262016,0.0419904
1077,   9.1,42.363,20.655,229245,0.0419904
1078,  9.06,47.8224,19.2132,341595,0.052488
1079,  9.08,48.033,40.3056,365072,0.052488
1080,  9.08,50.1066,57.2994,277008,0.052488
1081,     9,50.463,28.998,56658,0.0104976
1082,   9.1,53.865,28.431,329848,0.0419904
1083,     9,54.999,29.403,116090,0.0209952
1084,     9,57.915, 65.61,80204,0.0104976
1085,9.07273,58.9975,60.0431,349664,0.0577368
1086,   9.1,60.993,41.229,316858,0.0419904
1087,9.26667,32.265, 7.479,187766,0.0314928
1088,   9.2,32.643, 8.181,232667,0.0314928
1089,  9.26,34.4574,13.5918,251908,0.052488
1090,9.24444,37.602, 8.946,234555,0.0472392
1091,   9.3,37.665,21.627,201076,0.0419904
1092,9.28571,38.4866,11.2474,272144,0.0367416
1093,   9.2,39.447,11.745,191780,0.0209952
1094,   9.2,40.0343,10.8338,219900,0.0419904
1095,   9.2,41.4922,20.8777,243170,0.0419904
1096,   9.2,41.4922,28.8158,190427,0.0419904
1097,  9.28,43.7886,30.0834,342802,0.052488
1098,9.24444,44.712,17.226,284774,0.0472392
1099,  9.28,48.357,58.9356,310451,0.052488
1100,   9.2,48.843, 51.03,68187,0.0104976
1101,   9.2,51.273,29.889,139113,0.0209952
1102,   9.2,51.354,61.6757,211751,0.0367416
1103,   9.2,52.245,49.329,192174,0.0209952
1104,   9.2,52.893,26.811,158821,0.0209952
1105,  9.28,55.7604,66.825,326742,0.052488
1106,   9.3,56.295,65.529,291448,0.0419904
1107,  9.26,59.1462,63.5526,352833,0.052488
1108,9.27273,59.7191,47.1125,279653,0.0577368
1109,  9.24,59.7132,64.0872,184315,0.026244
1110,  9.24,63.7632,53.6868,193328,0.026244
1111,9.51111,33.966, 14.49,293676,0.0472392
1112,9.52727,35.5811,6.34745,354804,0.0577368
1113,9.56667,36.585,  7.83,183075,0.0314928
1114, 9.525,36.8145,12.231,213021,0.0419904
1115,   9.5,37.665,11.421,319672,0.0419904
1116,   9.5,41.877,23.571,237239,0.0419904
1117,9.53333, 42.12, 14.04,96551,0.0157464
1118,  9.56,43.1568,29.4192,195069,0.026244
1119, 9.525,47.2028,19.8855,299291,0.0419904
1120,9.53333,48.816,57.105,248556,0.0314928
1121,9.52727,51.9431,64.9915,313249,0.0577368
1122,   9.5,52.083,61.479,285570,0.0419904
1123,   9.5,52.893,66.501,252873,0.0419904
1124,9.53333,53.838,30.537,183130,0.0314928
1125,   9.5,56.295,33.939,265043,0.0419904
1126,   9.5,56.619,32.157,255708,0.0419904
1127,   9.5,58.401,36.045,264086,0.0419904
1128,   9.5,60.993,54.189,326952,0.0419904
1129,9.68889,34.236,12.564,292289,0.0472392
1130,  9.75, 34.83, 7.047,181878,0.0419904
1131,   9.6,35.9964,8.3268,192065,0.026244
1132,   9.7,37.179,20.331,203987,0.0419904
1133,   9.7,37.341,16.119,288414,0.0419904
1134,   9.7,40.419,14.175,246072,0.0419904
1135,9.72727,40.824,27.3338,302761,0.0577368
1136,   9.6,41.472,11.7797,170593,0.0367416
1137,9.66667,41.904,13.527,234781,0.0314928
1138,   9.6,42.849,13.689,198096,0.0209952
1139,9.75385,43.8148,34.4437,389285,0.0682344
1140,   9.7,44.793,37.989,332334,0.0419904
1141,  9.68,46.0404,19.197,264484,0.052488
1142,9.71111,48.384,56.286,314676,0.0472392
1143,9.73333,48.348,62.064,230201,0.0472392
1144,9.71111, 48.51,54.972,355310,0.0472392
1145,   9.6,49.005,57.753,161896,0.0209952
1146,9.76667,49.9635,29.8485,482036,0.0629856
1147,9.71111,52.272,60.498,316075,0.0472392
1148,   9.6, 53.46,50.301,185134,0.0314928
1149,   9.6,56.295,66.339,107717,0.0209952
1150,   9.7,57.267,32.805,319602,0.0419904
1151,9.63333,59.427,46.386,187970,0.0314928
1152,9.68889,60.804,39.942,332421,0.0472392
1153,9.74667,62.4024,47.8656,563421,0.078732
1154,9.68889, 63.72, 54.36,335762,0.0472392
1155,9.88889,35.388, 14.04,315722,0.0472392
1156,9.82857,36.5426,14.904,164838,0.0367416
1157,9.86667,37.341,16.902,139658,0.0314928
1158,9.86667, 37.53,12.231,162584,0.0314928
1159,9.86667, 38.97,  14.4,224109,0.0472392
1160,9.88889,39.762,  13.5,267653,0.0472392
1161,   9.9,40.7025,15.0053,216193,0.0419904
1162,  9.88,42.5412,12.9924,134736,0.026244
1163,  9.92,42.6708,29.3544,151582,0.026244
1164,   9.8,43.173,14.337,133245,0.0209952
1165,   9.8,47.952,40.3785,99450,0.0209952
1166,9.91111,48.366,47.682,271100,0.0472392
1167,9.87273,48.7915,41.5309,296919,0.0577368
1168,   9.8,49.491, 57.51,65096,0.0104976
1169,  9.88,52.5204,27.297,294278,0.052488
1170,   9.9,53.541,31.347,235200,0.0419904
1171,  9.88,54.1404,66.987,331220,0.052488
1172,  9.88,54.999,30.5856,233376,0.052488
1173,9.88889,56.592,32.976,366108,0.0472392
1174,9.86667,59.832,41.391,166699,0.0314928
1175,   9.8,60.669,54.027,153241,0.0209952
1176,9.88889,62.442,  59.4,293354,0.0472392
1177,  9.86,63.0828,56.7162,290331,0.052488
1178,10.0667,37.836,14.922,209801,0.0472392
1179,    10,38.286,15.984,96904,0.0157464
1180, 10.06,41.5368,22.6962,265335,0.052488
1181,10.1333,41.688,25.515,177760,0.0314928
1182,    10,41.9783,20.8777,264782,0.0419904
1183, 10.12,42.4116,16.443,265464,0.052488
1184,    10,44.955, 37.26,44890,0.0104976
1185,10.0727,47.1715,40.6031,329945,0.0577368
1186,    10,47.223,39.528,188848,0.0314928
1187,    10,47.9844,41.0832,133415,0.026244
1188,    10,49.329, 29.97,64058,0.0104976
1189, 10.24,49.4748,23.409,294387,0.052488
1190,10.0727,51.2509,28.4825,289082,0.0577368
1191,10.0667,53.352,66.987,184786,0.0314928
1192,10.0727,54.0049,29.8375,348156,0.0577368
1193,    10,56.781,37.098,190455,0.0314928
1194,    10,56.943,33.696,45458,0.0104976
1195,10.0667,58.725,47.223,403676,0.0629856
1196,    10,59.454,65.1703,240262,0.0367416
1197,    10,60.507,41.148,205007,0.0314928
1198,10.2727,36.9655,13.3429,302379,0.0577368
1199,  10.2,37.827,16.119,152526,0.0209952
1200,  10.2, 38.61,16.443,194465,0.0314928
1201,10.2667,42.525,14.148,167924,0.0314928
1202, 10.26,48.033,20.8332,285732,0.052488
1203,10.2571,56.0983,32.2843,244954,0.0367416
1204,  10.2,57.0888,64.0224,157217,0.026244
1205,10.5333,36.432,16.938,253943,0.0472392
1206,10.5143,37.2831,17.2414,155199,0.0367416
1207, 10.52,43.173,18.3384,294817,0.052488
1208,  10.5,43.983,35.073,317238,0.0419904
1209,  10.5,47.061,20.817,206501,0.0419904
1210,10.5143,48.6926,23.7446,172130,0.0367416
1211,10.5111,48.978, 28.26,254126,0.0472392
1212,  10.5,53.055,53.703,274105,0.0419904
1213,10.6667,57.582,66.924,355481,0.0472392
1214,10.5111,58.752, 66.33,245294,0.0472392
1215, 10.54,60.1506,42.4602,290005,0.052488
1216, 10.52,61.9974,59.9886,218332,0.052488
1217,  10.7,40.257,18.387,231444,0.0419904
1218,10.675,40.581,19.6425,275534,0.0419904
1219,  10.7,40.743,26.001,262375,0.0419904
1220,  10.7,41.067,18.063,211874,0.0419904
1221,  10.7,41.553,20.331,280107,0.0419904
1222,  10.7,41.877,26.163,267589,0.0419904
1223,  10.7,42.525,15.633,222253,0.0419904
1224,  10.7,44.793,34.749,265255,0.0419904
1225, 10.68,47.1744,27.945,333558,0.052488
1226,  10.7,47.061,39.933,258113,0.0419904
1227, 10.68,47.385,21.6756,255250,0.052488
1228, 10.68,47.8224,34.587,360034,0.052488
1229,  10.7,48.033,47.385,248438,0.0419904
1230,10.6889,48.654,24.876,366282,0.0472392
1231,  10.7,48.924,28.917,116219,0.0209952
1232, 10.68,49.2804,25.677,287194,0.052488
1233,  10.6,51.597,28.674,44049,0.0104976
1234,  10.7,51.759,27.297,284009,0.0419904
1235, 10.68,52.6824,58.239,353594,0.052488
1236,10.6889,52.866, 54.36,251415,0.0472392
1237,10.6889,54.486, 66.51,338497,0.0472392
1238,  10.7,54.513,67.311,260476,0.0419904
1239,10.6444,55.206,31.572,213014,0.0472392
1240,  10.7,57.591,64.395,274653,0.0419904
1241,10.6889,59.184,39.456,392014,0.0472392
1242,  10.7,60.183,41.391,240640,0.0419904
1243,10.6857,60.4954,44.7814,256417,0.0367416
1244,  10.7,60.993,44.307,276997,0.0419904
1245,  10.9,41.391,22.113,235227,0.0419904
1246,  10.9,41.715,21.141,272872,0.0419904
1247,  10.8,42.3144,26.8272,135188,0.026244
1248,  10.8,43.659,21.627,120724,0.0209952
1249, 10.88,44.307,29.8404,312291,0.052488
1250,10.8571,44.2954,34.2051,216926,0.0367416
1251, 10.88,45.3276,27.135,298946,0.052488
1252,10.8667,45.774,23.958,264965,0.0472392
1253, 10.84,46.1052,38.9448,209711,0.026244
1254,10.8667,46.818,41.598,242732,0.0472392
1255,10.8286,47.5586,23.004,205137,0.0367416
1256,10.8889,48.816,64.062,311159,0.0472392
1257, 10.88,53.6544,31.833,347576,0.052488
1258, 10.88,56.0682,67.2786,286685,0.052488
1259, 10.85,58.563,  56.7,249297,0.0419904
1260,  10.9,61.155,45.117,271009,0.0419904
1261,10.8727,63.0769,51.1625,375127,0.0577368
1262,11.1111,45.468,24.714,228930,0.0472392
1263, 11.14,50.2362,57.4614,286518,0.052488
1264,  11.1,50.463,65.529,247233,0.0419904
1265, 11.12,55.485,59.2596,327453,0.052488
1266,  11.1, 59.67,58.212,163219,0.0314928
1267,11.1714, 59.94,58.8986,204482,0.0367416
1268,11.1333,62.424,49.788,341082,0.0629856
1269,  11.1,63.747,53.055,292328,0.0419904
1270,  11.2,41.2776,22.7772,191211,0.026244
1271,  11.2, 41.31,20.817,67809,0.0104976
1272,  11.3,41.715,24.543,263351,0.0419904
1273,11.3111,  43.2,19.998,329206,0.0472392
1274,  11.3,43.659,21.141,292038,0.0419904
1275,11.3111,44.478,24.354,274891,0.0472392
1276,  11.3,44.955,21.951,267014,0.0419904
1277, 11.32,46.2186,23.0526,307933,0.052488
1278,11.3111,46.584, 34.56,328869,0.0472392
1279,  11.2,46.899,27.135,186041,0.0209952
1280,  11.2,46.899,40.419,129749,0.0209952
1281,  11.3,48.519,26.649,251265,0.0419904
1282,  11.3,49.005,36.369,207364,0.0419904
1283,  11.2,49.329,29.889,201214,0.0209952
1284,  11.2,49.383,44.037,189963,0.0314928
1285,11.3111, 51.57,28.584,330334,0.0472392
1286,11.3333,51.6375,64.3545,356541,0.0629856
1287,  11.3,52.245,56.619,263944,0.0419904
1288,  11.2,52.8583,57.348,224191,0.0367416
1289,  11.3,54.513,31.833,308639,0.0419904
1290,  11.2,54.837,45.279,202188,0.0419904
1291,  11.3,55.971,37.827,211098,0.0419904
1292,  11.2,56.358,42.066,196128,0.0472392
1293,11.3333,58.824, 38.79,227977,0.0472392
1294,11.3333,59.049,59.562,181869,0.0314928
1295,  11.2,59.1948,58.6764,159127,0.026244
1296,  11.3,59.832,60.048,146335,0.0314928
1297,11.3333,  61.2,41.922,260814,0.0472392
1298,  11.2,62.856,56.7463,176714,0.0367416
1299,11.3143,63.2494,53.7146,253280,0.0367416
1300,11.3429,63.2263,54.3857,237952,0.0367416
1301, 11.48,42.8004,22.599,255779,0.052488
1302,11.4727,44.4175,27.8051,285142,0.0577368
1303,11.4857,45.4526,24.0454,217393,0.0367416
1304,  11.4,46.251,37.827,357507,0.052488
1305,  11.5,47.061,41.067,305272,0.0419904
1306,  11.4,47.466,35.2755,138126,0.0209952
1307,  11.4,47.871,26.244,61855,0.0104976
1308,  11.5,47.871,59.697,305449,0.0419904
1309,11.4857,48.0446,35.4086,243436,0.0367416
1310, 11.48,48.1626,63.2934,352022,0.052488
1311,  11.5,48.195,55.809,345381,0.0419904
1312,11.5143,49.1554,63.5966,238679,0.0367416
1313,  11.5,49.491,35.559,198122,0.0419904
1314, 11.48,51.4026,38.0214,232109,0.052488
1315,  11.4,58.725,39.609,178645,0.0209952
1316, 11.45,59.697, 41.31,244096,0.0419904
1317,11.4889,61.128,57.906,304832,0.0472392
1318,  11.5,60.993,59.211,223918,0.0419904
1319,  11.5,61.155,49.491,266281,0.0419904
1320,11.4667,61.578,54.342,217404,0.0472392
1321,11.4667,61.506,60.345,220262,0.0314928
1322,11.4667,62.613,60.156,156383,0.0314928
1323,  11.7,42.525,23.895,220994,0.0419904
1324,  11.6,42.525,24.543,136685,0.0209952
1325, 11.68,43.1244,26.487,332757,0.052488
1326, 11.68,44.631,29.1924,288246,0.052488
1327,  11.7,46.737,39.771,294853,0.0419904
1328,  11.6,46.926,38.016,110355,0.0157464
1329,11.6667, 47.25,41.715,211698,0.0314928
1330,11.6667,47.385,34.398,190425,0.0314928
1331, 11.68,47.4984,38.961,345439,0.052488
1332,  11.6,47.547,26.811,142604,0.0209952
1333,  11.7,48.195,45.441,269665,0.0419904
1334,11.6444, 48.42, 43.29,229132,0.0472392
1335,  11.7,48.357,56.619,321131,0.0419904
1336,  11.6,48.7944,44.4852,189622,0.026244
1337,  11.6,49.329,29.889,228720,0.0209952
1338,11.6667, 49.77,62.244,292504,0.0472392
1339,  11.7,49.977,63.585,223034,0.0419904
1340,11.6333,50.085,65.826,217949,0.0314928
1341,  11.6,50.058,29.727,56368,0.0104976
1342,11.625,50.868,29.2613,300845,0.0419904
1343,11.6286,53.0666, 30.78,208872,0.0367416
1344,11.7143,53.0434,57.9729,205579,0.0367416
1345, 11.64,55.1772,58.5792,168759,0.026244
1346,11.6857,55.9826,39.4354,261546,0.0367416
1347,11.6286,56.052,44.4574,154082,0.0367416
1348, 11.64,56.2464,36.9522,277373,0.052488
1349,  11.6,56.133,49.005,131336,0.0209952
1350,  11.6,56.943,45.036,145904,0.0314928
1351, 11.68,57.267,62.8236,307562,0.052488
1352,11.6286, 59.94,40.5694,222532,0.0367416
1353,11.625,59.9603,45.7853,221182,0.0419904
1354,11.6727,60.4849,42.4145,362228,0.0577368
1355,  11.7,60.3855,59.4135,136733,0.0209952
1356,  11.6,60.6204,41.0832,181747,0.026244
1357,11.6667,61.1145,62.6535,385280,0.0629856
1358, 11.64,61.0092,63.8928,162887,0.026244
1359,11.6333,61.452, 45.63,427872,0.0629856
1360,  11.6,61.3332,60.7824,218362,0.026244
1361,11.6889,61.794,  59.4,321564,0.0472392
1362,11.6727,62.2375,48.0551,386696,0.0577368
1363,11.6889,62.424,47.232,287121,0.0472392
1364,  11.6,62.856,50.787,206290,0.0314928
1365,  11.6,63.261,51.111,138944,0.0209952
1366, 11.95, 47.79,42.525,238165,0.0419904
1367,11.9556,50.544,62.262,319897,0.0472392
1368,11.9778, 52.83,56.232,285430,0.0472392
1369,  11.9,53.217,57.105,210605,0.0419904
1370,11.9333,53.541,32.157,348695,0.0629856
1371,11.9333,54.504,55.908,286024,0.0472392
1372, 11.95,54.8573,38.2725,235497,0.0419904
1373, 11.96,54.8208,57.8988,231676,0.026244
1374, 11.95,56.7608,44.2463,249514,0.0419904
1375, 11.95,57.834,38.151,292973,0.0419904
1376, 11.94,58.9356,64.5408,326173,0.052488
1377,11.9556,59.292,61.344,358952,0.0472392
1378, 11.96,59.6808,59.2272,259408,0.026244
1379, 11.95,60.8715,61.803,256306,0.0419904
1380,11.9556,61.668,50.382,213628,0.0472392
1381,    12,44.469,24.543,130552,0.0209952
1382,12.1111,45.126,24.354,272288,0.0472392
1383, 12.16,45.3762,28.0584,329754,0.052488
1384,    12,45.441,31.995,106160,0.0209952
1385,12.1333,46.062,32.319,258326,0.0314928
1386,  12.1,46.251,27.783,271999,0.0419904
1387,12.0667,46.737,33.777,145799,0.0314928
1388,  12.1,47.385,40.581,236727,0.0419904
1389,    12,47.8872,27.3456,211509,0.026244
1390,    12,47.871,34.911,155533,0.0209952
1391, 12.12,47.871,36.3204,268589,0.052488
1392,12.1143,48.3454,44.4806,280831,0.0367416
1393, 12.16,48.2112,60.3612,177871,0.026244
1394,    12,49.086,45.3137,214051,0.0367416
1395,12.1455,49.2185,63.1505,281027,0.0577368
1396,  12.1,50.625,66.015,247362,0.0419904
1397,12.1556,51.066, 44.73,275994,0.0472392
1398,12.1714,51.5854,64.476,215890,0.0367416
1399,    12,51.9372,56.1816,118869,0.026244
1400,12.1556,52.434,54.108,213997,0.0472392
1401, 12.08,52.7148,43.8696,152324,0.026244
1402,12.1333,53.541, 58.59,183608,0.0314928
1403,12.1333,53.694, 43.56,277847,0.0472392
1404,12.0444,53.964,    36,299062,0.0472392
1405,12.1273,54.7265,33.1069,361016,0.0577368
1406, 12.12,54.837,45.1656,271225,0.052488
1407,12.1333,55.476,43.758,234596,0.0472392
1408,12.1273,55.5071,53.9755,348801,0.0577368
1409,12.175,55.566,49.2075,262649,0.0419904
1410,    12,55.8576,38.1672,126018,0.026244
1411,    12,58.8523,39.528,214583,0.0367416
1412, 12.15, 59.94,63.261,251762,0.0419904
1413,    12,60.9323,43.4363,241365,0.0419904
1414,    12,60.8796,57.2508,147168,0.026244
1415, 12.12,61.5114,51.7266,302443,0.052488
1416,  12.3,46.089,33.129,238018,0.0419904
1417,  12.2,47.061,27.297,102734,0.0209952
1418,  12.3,47.061,31.509,296328,0.0419904
1419, 12.25,48.2355,52.4475,105251,0.0209952
1420,  12.3,48.357,50.949,213467,0.0419904
1421, 12.32,48.681,31.9464,299044,0.052488
1422,12.3143,48.6694,52.0714,201898,0.0367416
1423,  12.3,48.843,49.167,273836,0.0419904
1424,  12.2,49.005,51.111,156044,0.0209952
1425,12.3333,49.815,61.992,227107,0.0314928
1426,  12.3,50.463,52.245,311056,0.0419904
1427,  12.3,50.787,29.727,244034,0.0419904
1428,  12.3,50.949,42.687,242367,0.0419904
1429,12.2727,51.5749,30.4265,252458,0.0577368
1430,12.2857,52.5574,43.3466,244504,0.0367416
1431,  12.3,52.893,66.015,211890,0.0419904
1432,  12.3,54.351,40.743,279846,0.0419904
1433,12.2889,54.342,46.764,269017,0.0472392
1434,  12.3,54.6171,35.0151,366514,0.0734832
1435,  12.3,56.133,39.609,312163,0.0419904
1436,  12.3,56.295,49.329,266157,0.0419904
1437,  12.3,56.457,40.419,334430,0.0419904
1438,12.3111,56.484,64.548,296177,0.0472392
1439,  12.3,58.8708,65.9664,306757,0.052488
1440,  12.3,59.5755,65.5088,255383,0.0419904
1441,  12.3,60.183,44.307,273861,0.0419904
1442,12.3143,60.1714,56.1446,161739,0.0367416
1443,  12.3,60.534,63.558,196297,0.0314928
1444,  12.3,60.993,58.077,260943,0.0419904
1445,  12.2,60.993,64.233,151315,0.0209952
1446,  12.3,61.479,58.725,299804,0.0419904
1447,  12.3,61.641,54.513,210675,0.0419904
1448,12.3556,61.596,59.796,215968,0.0472392
1449,  12.2,61.965,60.831,135361,0.0209952
1450,  12.3,62.127,47.061,251264,0.0419904
1451,  12.3,62.451,54.351,229910,0.0419904
1452,  12.3,62.613,60.507,263755,0.0419904
1453, 12.48,48.4542,30.8286,271940,0.052488
1454, 12.48,48.3732,34.2144,97645,0.026244
1455,12.4667,48.366,42.912,229577,0.0472392
1456, 12.48,48.9564,54.513,336731,0.052488
1457,  12.5,49.005,59.859,294431,0.0419904
1458,12.4889,49.482,32.616,271349,0.0472392
1459, 12.48,50.7384,41.715,287365,0.052488
1460,12.4727,52.5175,59.0711,288382,0.0577368
1461,  12.5,52.893,42.687,348334,0.0419904
1462,12.4857,53.5526,42.8374,230143,0.0367416
1463,  12.4,54.162,58.104,88889,0.0157464
1464, 12.45, 55.89,53.055,213055,0.0419904
1465,12.4667,56.952, 46.35,266361,0.0472392
1466, 12.56,59.3568,60.8148,132909,0.026244
1467,  12.4,60.399,64.611,159184,0.0314928
1468,12.425,63.3015,52.974,266440,0.0419904
